,Authors,project_urls
0,Genymobile,https://github.com/topics/c/Genymobile/scrcpy
1,neovim,https://github.com/topics/c/neovim/neovim
2,obsproject,https://github.com/topics/c/obsproject/obs-studio
3,git,https://github.com/topics/c/git/git
4,fffaraz,https://github.com/topics/c/fffaraz/awesome-cpp
5,FFmpeg,https://github.com/topics/c/FFmpeg/FFmpeg
6,serhii-londar,https://github.com/topics/c/serhii-londar/open-source-mac-os-apps
7,vim,https://github.com/topics/c/vim/vim
8,curl,https://github.com/topics/c/curl/curl
9,huihut,https://github.com/topics/c/huihut/interview
10,ggreer,https://github.com/topics/c/ggreer/the_silver_searcher
11,pbatard,https://github.com/topics/c/pbatard/rufus
12,mpv-player,https://github.com/topics/c/mpv-player/mpv
13,ossrs,https://github.com/topics/c/ossrs/srs
14,google,https://github.com/topics/c/google/flatbuffers
15,ruby,https://github.com/topics/c/ruby/ruby
16,oracle,https://github.com/topics/c/oracle/graal
17,kovidgoyal,https://github.com/topics/c/kovidgoyal/kitty
18,microsoft,https://github.com/topics/c/microsoft/vcpkg
19,radareorg,https://github.com/topics/c/radareorg/radare2
