topics,urls
3D,https://github.com/topics/3d
Ajax,https://github.com/topics/ajax
Algorithm,https://github.com/topics/algorithm
Amp,https://github.com/topics/amphp
Android,https://github.com/topics/android
Angular,https://github.com/topics/angular
Ansible,https://github.com/topics/ansible
API,https://github.com/topics/api
Arduino,https://github.com/topics/arduino
ASP.NET,https://github.com/topics/aspnet
Atom,https://github.com/topics/atom
Awesome Lists,https://github.com/topics/awesome
Amazon Web Services,https://github.com/topics/aws
Azure,https://github.com/topics/azure
Babel,https://github.com/topics/babel
Bash,https://github.com/topics/bash
Bitcoin,https://github.com/topics/bitcoin
Bootstrap,https://github.com/topics/bootstrap
Bot,https://github.com/topics/bot
C,https://github.com/topics/c
Chrome,https://github.com/topics/chrome
Chrome extension,https://github.com/topics/chrome-extension
Command line interface,https://github.com/topics/cli
Clojure,https://github.com/topics/clojure
Code quality,https://github.com/topics/code-quality
Code review,https://github.com/topics/code-review
Compiler,https://github.com/topics/compiler
Continuous integration,https://github.com/topics/continuous-integration
COVID-19,https://github.com/topics/covid-19
C++,https://github.com/topics/cpp
